Country,1970 dens.,1980 dens.,1990 dens.,2000 dens.,2010 dens.,2015 dens.,2020 dens.,2022 dens.
Afganistán,16.4865,19.1445,16.3973,29.9633,43.2204,51.7509,59.7523,63.0587
Albania,80.8658,102.3254,114.619,110.6867,101.3427,100.2672,99.7234,98.8702
Alemania,219.2425,217.8204,222.2545,228.3631,227.7287,229.8236,233.34,233.4544
Andorra,42.4359,76.0919,114.4637,141.2329,152.8184,153.3034,166.0256,170.5641
Angola,4.8365,6.6817,9.488,13.15,18.7408,22.5617,26.8136,28.5466
Anguila,69.044,72.0879,91.3846,121.3956,144.7473,159.6154,171.2637,174.2527
Antigua y Barbuda,145.9638,146.8054,143.276,169.8077,193.8801,203.4864,209.6471,212.1335
Arabia Saudita,2.8405,4.7317,7.4451,10.0235,13.6819,15.2347,16.7453,16.9368
Argelia,5.7924,7.8679,10.714,12.9211,15.0547,16.6026,18.2437,18.8531
Argentina,8.5753,10.0794,11.7385,13.3329,14.7821,15.5579,16.1977,16.3683
Armenia,85.2092,105.4071,119.5757,106.53,99.0584,96.7823,94.3283,93.4831
Aruba,328.3667,345.9278,365.0667,495.0056,557.45,579.2056,592.1389,591.3611
Australia,1.6374,1.9119,2.2163,2.4724,2.8626,3.0967,3.3372,3.4032
Austria,89.0093,89.9901,91.554,95.5089,99.7106,103.0442,106.2081,106.5877
Azerbaiyán,62.648,73.7074,85.7718,94.5766,106.6652,113.897,118.7639,119.6082
Bahamas (las),12.8472,16.0476,19.4133,23.3102,26.7713,28.1645,29.1523,29.4043
Bangladés,457.6937,568.7454,726.0802,875.4715,1005.5644,1069.5263,1134.5189,1160.035
Barbados,561.3884,589.7093,602.0186,615.4814,638.8628,646.7047,652.7744,654.9651
Baréin,290.9216,473.9804,676.3634,929.9895,1586.4641,1780.5778,1931.332,1924.4876
Belarús,44.1753,47.2893,50.2337,49.405,46.8759,46.7274,46.4053,45.9295
Belice,5.2645,6.3195,7.9504,10.4679,14.0253,15.6697,17.1959,17.6466
Benín,26.8459,34.0425,45.581,62.1373,83.8709,97.075,112.2616,118.5635
Bermuda,963.3148,991.9444,1064.2593,1136.5,1174.9444,1169.3333,1185.7593,1188.5926
Bhután,7.7849,10.8157,14.545,15.2942,18.3757,19.3591,20.1205,20.3796
Bolivia (Estado Plurinacional de),4.1742,5.2214,6.4594,7.8216,9.3059,10.0949,10.8651,11.1272
Bosnia y Herzegovina,74.5096,82.0133,87.7641,81.6136,74.4222,68.8224,64.8012,63.1437
Botsuana,1.0176,1.6127,2.3049,2.9673,3.5939,3.9608,4.3753,4.5194
Brasil,11.3166,14.3602,17.6973,20.6527,23.0576,24.0951,25.0355,25.2841
Brunei Darussalam,23.1297,32.5969,45.4342,57.923,68.6996,73.1027,76.6219,77.8841
Bulgaria,77.4083,80.9947,79.0752,73.0318,68.4735,65.921,62.9441,61.1654
Burkina Faso,20.558,25.3986,33.4523,43.5323,59.0432,68.5725,78.847,83.0641
Burundi,125.6677,154.9484,197.0178,226.6171,327.8941,385.3973,439.0396,463.0874
Bélgica,315.4277,321.9663,326.2434,336.2272,356.3269,368.4586,378.725,381.8111
Cabo Verde,71.2279,78.6596,90.395,113.6253,129.2368,136.912,144.4681,147.0739
"Caimán, (las) Islas",39.8977,64.7727,98.5871,150.2197,204.8258,230.7235,254.9659,260.25
Camboya,37.0565,34.2418,49.2215,66.942,79.3412,85.1632,90.5729,92.6221
Camerún,13.5722,17.9199,24.0419,31.7422,41.8096,48.4026,55.7189,58.7128
Canadá,2.1467,2.4549,2.77,3.073,3.4016,3.5787,3.7947,3.8513
Catar,10.1853,23.947,38.1214,55.7515,147.8944,208.4044,238.2518,232.6189
Chad,2.8562,3.4332,4.5382,6.4323,9.2638,11.0127,12.9632,13.8032
Chequia,124.209,130.2233,130.618,129.7751,132.6919,133.4407,133.5314,133.0627
Chile,12.9883,15.1697,17.6469,20.3039,22.4892,23.6345,25.5261,25.9274
China,84.7366,101.2029,118.8533,130.226,138.8891,143.579,146.7946,146.8933
Chipre,69.2686,73.4328,85.234,102.501,122.115,128.3407,133.7733,135.2814
Colombia,18.3099,22.9264,28.5539,34.3466,39.2522,41.2698,44.6076,45.4339
Comoras (las),130.1563,176.3308,231.5354,288.2696,352.3222,392.1676,432.957,449.3953
Congo (el),4.0848,5.3487,6.975,9.1638,12.9763,14.8081,16.673,17.4574
Congo (la República Democrática del),8.594,11.3903,15.3474,20.7332,28.3136,33.5444,39.5986,42.2244
"Cook, (las) Islas",86.7373,74.7924,72.5551,67.3602,72.9322,74.9788,72.1568,72.0805
Corea (la República Popular Democrática de),124.4162,149.1119,172.5557,193.8564,204.8021,209.544,214.6001,216.2755
Corea (la República de),325.3282,380.9051,440.2758,466.9054,487.1075,508.8754,517.3604,517.0722
Costa Rica,36.315,47.2466,61.8053,77.8707,90.455,95.7973,100.2565,101.3861
Croacia,79.3836,82.6968,86.117,80.3695,77.1934,75.1814,72.3905,71.2153
Cuba,80.7182,89.2678,96.7082,101.0683,102.7485,103.1988,102.8421,102.0366
Curazao,338.705,353.268,350.1036,318.5225,358.964,381.9189,426.3243,430.5473
Côte d'Ivoire,16.9852,25.7512,36.9361,52.098,65.496,73.1766,83.1469,87.3295
Dinamarca,114.2378,118.9352,119.3814,123.9304,128.8079,131.7537,135.1845,136.4984
Dominica,91.7377,97.1744,92.518,91.0067,91.5513,93.2184,95.8655,96.8535
"Dominicana, (la) República",91.9618,118.2593,146.4733,175.4801,200.8538,213.7994,226.0004,230.7087
Ecuador,22.2952,29.3882,37.7467,45.6092,54.1451,58.5025,63.5332,65.0229
Egipto,34.697,43.6416,57.0748,71.1969,87.0392,97.485,107.2025,110.7188
El Salvador,172.0018,214.2955,255.0819,283.1844,290.5772,296.1393,299.07,301.145
Emiratos Árabes Unidos (los),3.5656,12.1298,22.7291,39.1786,101.4566,106.6615,111.092,112.9322
Eritrea,10.8227,14.0985,18.282,20.3476,26.7664,28.4014,30.237,31.3268
Eslovaquia,92.2338,101.4312,107.2926,109.6456,110.048,110.6194,111.2768,115.0856
Eslovenia,85.8919,93.7982,97.964,97.8809,101.4791,102.642,104.4562,104.5649
España,66.7849,74.0954,76.8587,80.5184,92.0425,91.763,93.6058,93.9909
Estados Unidos de América (los),21.3738,23.8077,26.469,30.1302,33.2013,34.6337,35.843,36.0935
Estonia,30.1147,32.6571,34.7287,30.8859,29.4412,29.068,29.3949,29.3201
Eswatini,25.5048,34.4716,49.1828,59.3467,63.3449,65.3038,67.9944,69.2047
Etiopía,25.6346,31.6449,43.356,60.7008,80.8094,92.7935,106.1223,111.7268
"Feroe, (las) Islas",27.5779,30.9074,34.084,32.7782,34.7523,35.0438,37.6274,38.112
Filipinas (las),109.3479,141.4316,179.8112,227.713,276.4302,300.9507,327.7055,337.5434
Finlandia,13.612,14.1226,14.7346,15.295,15.8478,16.1911,16.3389,16.3722
Fiyi,28.8766,35.277,42.7118,45.562,49.5386,50.197,50.3734,50.8847
Francia,91.5788,97.3615,102.2538,106.3367,113.1868,115.6613,116.8763,117.1419
Gabón,2.2311,2.7985,3.6726,4.7556,6.3926,7.5785,8.565,8.9252
Gambia (la),49.465,67.2267,97.3539,134.4877,181.2401,210.7899,240.8078,253.1567
Georgia,68.8727,73.8285,77.3549,61.1933,55.0478,54.1052,54.0303,53.7214
Ghana,37.1517,49.7426,64.7583,82.4435,107.2167,121.0354,134.9096,140.3406
Gibraltar,4447.5,4789.0,4552.8333,4623.5,5210.3333,5420.0,5451.5,5441.5
Granada,287.1919,275.6919,287.9273,312.3023,331.5087,345.8721,359.4855,364.6453
Grecia,64.7388,70.514,78.0533,83.6284,83.5956,81.8747,79.6442,78.68
Groenlandia,0.021,0.0231,0.0257,0.0259,0.026,0.0258,0.0259,0.0261
Guadalupe,195.5221,205.3034,240.7561,260.4834,247.5872,245.1407,243.0233,243.0909
Guam,160.8379,200.8852,251.8452,291.7814,300.3734,305.9709,308.2532,312.8852
Guatemala,50.0804,64.1733,83.4316,107.7785,133.5591,146.9488,159.4534,163.8725
Guayana Francesa,0.5565,0.8,1.3639,1.9675,2.7349,3.0769,3.4832,3.6459
Guernsey,675.0769,677.6923,740.0897,757.8718,779.2564,790.1154,805.0513,811.5513
Guinea,17.1741,20.2256,25.8449,33.9098,41.7752,47.2876,53.7107,56.3716
Guinea Ecuatorial,11.2992,10.0713,16.5965,24.419,39.0191,48.0187,56.8981,59.7094
Guinea-Bissau,16.3782,23.0162,26.9495,34.0719,43.3833,49.5202,55.8015,58.2856
Guyana,3.2808,3.6199,3.4755,3.531,3.4793,3.5123,3.7085,3.7621
Haití,168.6779,203.4838,249.5615,301.2694,354.6984,380.6759,407.4523,417.4773
Honduras,24.7373,33.5845,44.9208,59.1751,75.1247,82.6237,89.9776,92.7431
Hong Kong,3582.4928,4509.5507,5288.5634,6097.0969,6460.5417,6702.7518,6794.346,6783.3922
Hungría,110.8845,115.0049,111.5362,109.6665,107.3529,105.8202,104.8133,107.1431
India,169.5775,211.9572,264.7691,322.3132,377.3626,402.3818,424.7449,431.0675
Indonesia,60.501,77.8009,95.6436,112.3994,128.1215,136.0371,142.7399,144.6529
Irak,22.3841,31.1495,40.2868,56.1896,71.3294,86.1427,97.0918,101.5158
Irlanda,41.8032,48.2602,49.5976,53.633,64.3858,66.3948,70.3843,71.4799
Irán (República Islámica de),17.2611,23.3714,33.8514,39.7674,45.7312,49.6245,52.9611,53.7258
Isla de Man,96.6748,111.9266,120.3934,132.1014,146.5524,146.1416,146.9336,147.7605
Islandia,1.9851,2.2161,2.4759,2.7326,3.0906,3.2142,3.5599,3.6204
Israel,139.9763,180.2893,231.2592,294.5093,352.838,385.5454,421.6413,435.1617
Italia,176.9587,186.9325,188.3498,189.0461,198.5241,199.8862,197.4559,195.9191
Jamaica,169.1467,194.2995,217.6353,237.6676,248.7395,254.2485,256.6132,257.2447
Japón,278.9322,311.2328,327.2731,335.5221,338.966,336.705,331.3967,327.9753
Jersey,589.1983,647.6207,714.431,743.0345,828.8879,866.9052,933.7845,954.9828
Jordania,17.4316,24.8137,38.958,56.5935,77.5812,106.2686,122.3246,126.3221
Kazajistán,4.5012,5.2012,6.1898,5.5915,6.1022,6.5455,6.9651,7.1188
Kenia,19.7687,27.8912,39.9097,53.1588,71.5373,80.7273,89.574,93.0919
Kirguistán,15.0856,18.4606,21.9791,24.682,27.4256,29.5821,32.1322,33.1612
Kiribati,70.8224,74.9852,92.6313,109.5265,133.1628,143.9051,155.9346,161.815
Kuwait,45.0548,83.8405,94.0026,108.5925,165.19,219.3705,244.7213,239.5821
"Lao, (la) República Democrática Popular",11.2976,13.9253,18.2198,22.9343,26.7036,28.6631,30.9096,31.7968
Lesoto,33.717,46.3736,59.2653,65.8419,66.6364,69.7915,74.2579,75.962
Letonia,37.1352,39.8401,41.6579,37.0596,32.5521,30.8548,29.3848,28.666
Liberia,13.1416,17.3493,19.8415,25.9967,36.0958,41.4148,45.6822,47.6136
Libia,1.085,1.6838,2.408,2.9296,3.6896,3.5192,3.7816,3.8717
Liechtenstein,131.8063,156.2688,179.7812,206.4125,224.5375,233.4688,242.225,245.7937
Lituania,49.16,53.9235,57.9762,55.1246,48.0707,45.3869,43.1894,42.1142
Luxemburgo,131.2227,140.6578,147.435,168.4563,196.0828,220.1887,243.7738,250.425
Líbano,227.879,283.5536,343.8289,413.3794,477.9755,612.2216,541.8028,525.2334
Macao,8242.8,8177.7333,11674.2333,14396.5333,18576.5667,20507.9667,22542.7667,23172.2667
Macedonia del Norte,64.4337,74.1657,79.4996,79.257,81.4307,81.9804,82.1013,81.4218
Madagascar,11.3105,15.2428,20.2418,27.624,37.0179,42.3325,48.0804,50.4423
Malasia,31.156,39.9504,52.9531,69.362,86.8122,93.9194,100.3618,102.5934
Malaui,39.036,52.8963,80.5144,94.7756,124.2229,142.964,163.5416,172.22
Maldivas,410.81,549.6233,749.8567,941.69,1205.25,1451.94,1714.7933,1745.9567
Malta,998.1456,1055.6551,1156.3038,1263.3291,1325.1741,1444.8703,1630.8766,1687.6139
"Malvinas [Falkland], (las) Islas",0.1868,0.184,0.1916,0.253,0.2618,0.28,0.3078,0.3105
Malí,4.9618,5.9447,7.2126,9.0624,12.5216,14.6049,17.1135,18.2178
Marruecos,34.2052,44.0677,55.0237,63.9445,72.7015,77.6631,82.1605,83.883
"Marshall, (las) Islas",132.4254,176.7293,254.4033,299.5801,295.116,272.9834,239.8508,229.663
Martinica,289.3865,295.9096,331.8005,383.4601,347.6782,339.9956,328.3608,325.8041
Mauricio,406.9191,468.0711,534.4559,596.0441,629.0833,633.8985,636.1902,636.9946
Mauritania,1.0888,1.4618,1.9463,2.6147,3.3176,3.8287,4.3646,4.5951
Mayotte,94.607,139.6604,247.7513,425.7086,566.2727,667.2326,817.0775,871.9278
Micronesia (Estados Federados de),84.0299,108.688,140.4601,159.1296,153.2593,155.9288,159.6952,162.6268
Moldova (la República de),109.6478,121.2326,132.3701,125.6152,108.6742,96.8324,91.1436,96.7026
Mongolia,0.8272,1.0855,1.3819,1.567,1.7278,1.8955,2.1062,2.1727
Montenegro,38.3918,42.6675,44.9929,45.8532,45.6881,45.8997,45.5436,45.4012
Montserrat,111.7843,112.2745,105.9314,50.3725,48.4118,49.598,44.1176,43.0392
Mozambique,10.4937,14.2387,16.5963,22.1666,28.7849,33.4875,38.8955,41.1302
Myanmar,40.3266,49.4633,59.2682,67.3068,73.0012,76.0946,78.9609,80.0784
México,25.6007,34.4665,41.6012,49.8242,57.2866,61.1644,64.1417,64.9082
Mónaco,12135.0,13538.0,15164.5,16232.5,16589.0,18380.0,18461.0,18234.5
Namibia,0.9138,1.1821,1.6582,2.2034,2.5427,2.7649,3.0148,3.1092
Nauru,317.2857,363.5714,457.0476,494.1429,487.6667,532.619,586.4286,603.2381
Nepal,84.9382,105.9949,133.2817,166.866,184.5453,187.5944,199.405,207.5511
Nicaragua,18.7521,25.3374,32.4286,39.2966,44.9152,48.3121,51.8197,53.2962
Nigeria,60.155,78.9716,103.0716,132.9901,174.2351,199.1796,225.5192,236.5759
Niue,19.9423,13.9885,9.7423,7.9769,6.9692,7.1038,7.4692,7.4385
"Norfolk, Isla",21.8599,37.9591,103.4526,173.1422,116.5668,111.0216,106.8685,106.7909
Noruega,11.9689,12.6181,13.0995,13.8702,15.101,16.0294,16.6146,16.7828
Nueva Caledonia,5.9748,7.9999,9.5431,11.9266,14.0741,15.2373,15.4187,15.6097
Nueva Zelandia,10.4414,11.6361,12.5612,14.2541,16.0698,16.9728,18.7126,19.1716
Níger (el),3.6856,4.8723,6.6067,9.1734,13.1393,15.8864,19.2057,20.6851
Omán,2.167,3.2874,5.8304,7.5743,9.3115,13.5437,14.6798,14.7861
Pakistán,67.2299,91.4196,130.868,175.0401,220.492,239.2181,257.6184,267.4018
Palau,24.7625,26.6928,33.3181,42.976,40.3922,38.7669,39.1547,39.3355
"Palestina, Estado de",179.7815,233.701,341.577,504.8158,641.8453,720.999,806.9777,844.063
Panamá,20.1041,25.9489,32.4856,39.8018,48.0477,52.4696,56.942,58.4561
Papúa Nueva Guinea,5.3778,6.7081,8.3506,11.9011,16.3842,18.7585,21.0648,21.9139
Paraguay,5.922,7.5695,9.9795,12.5969,14.1821,15.1885,16.2721,16.6705
Países Bajos (los),311.5337,337.6437,357.0979,379.9076,397.0637,407.1949,416.5963,419.6897
Perú,10.5526,13.6105,17.2026,20.7393,22.7429,23.8963,25.9137,26.4933
Polinesia Francesa,28.2916,39.2587,50.6573,60.2177,68.1037,70.0233,72.455,73.5011
Polonia,103.8859,113.6035,121.7359,123.1436,123.4408,123.2994,122.9004,127.4698
Portugal,94.295,106.2575,108.6692,111.8539,114.9788,112.5577,111.8275,111.5307
Puerto Rico,308.638,362.409,399.5238,431.4665,419.1569,394.288,368.8347,366.675
Reino Unido de Gran Bretaña e Irlanda del Norte,229.1073,231.891,235.5308,242.281,258.3781,268.5235,276.0785,277.9289
República Centroafricana (la),3.3185,3.8769,4.5093,6.0341,7.4802,7.7359,8.5765,8.9555
República Árabe Siria,34.1246,48.0557,67.0105,88.0638,120.6262,103.7109,112.1752,119.4797
Reunión,188.7395,219.7029,262.4421,312.7933,354.4922,367.3815,381.4504,387.914
Ruanda,147.9371,199.2381,277.924,307.9197,391.4128,442.0593,499.1405,523.0731
Rumania,83.5712,92.8107,95.7932,91.9493,85.3019,83.5018,81.5553,82.4665
"Rusia, (la) Federación de",7.6086,8.0861,8.6562,8.5883,8.3776,8.461,8.5165,8.4636
Saint Kitts y Nevis,172.2912,165.1226,155.6935,174.1801,181.6207,183.1034,182.5364,182.5939
"Salomón, (las) Islas",5.9812,8.0865,11.2185,14.8802,18.7013,21.2022,23.92,25.0648
Samoa,50.2361,58.0243,59.1787,64.746,68.4982,71.6295,75.626,78.2484
Samoa Americana,136.0553,165.2563,240.2915,292.6131,275.6231,258.1307,232.1055,222.4774
San Barthélemy,115.0952,142.0476,246.0952,337.2381,428.0,459.1905,508.619,522.2381
San Marino,297.8525,349.9344,379.2131,439.7213,518.1639,550.3279,557.4918,551.8033
San Martín (parte francesa),109.4717,146.717,530.6981,558.6792,687.8868,660.7547,614.1887,599.8302
San Martín (parte neerlandesa),184.1176,360.0882,818.9706,896.7353,971.5882,1182.5,1282.9706,1299.2647
San Pedro y Miquelón,22.8802,25.2314,26.1322,25.9256,25.0083,24.7025,24.405,24.2231
San Vincente y las Granadinas,253.108,276.2982,289.1697,292.5784,280.9974,273.7326,268.9769,267.2185
Santa Lucía,167.3539,197.4562,231.0081,258.9286,277.4919,285.1023,290.9692,291.9756
Santa Sede (la),752.0,733.0,700.0,651.0,596.0,564.0,520.0,510.0
Santo Tomé y Príncipe,80.4803,100.8402,124.8371,149.0809,188.9398,208.6349,226.806,235.8714
Senegal,22.2026,28.9946,38.3079,49.33,63.6946,72.977,83.55,88.025
Serbia,81.4107,88.0141,90.3965,89.8023,86.6191,85.0997,83.2721,81.7257
Seychelles,120.3075,144.4469,157.2058,177.1239,204.4447,219.5575,233.4735,236.9867
Sierra Leona,38.7309,46.94,60.2926,63.8983,89.7226,101.9623,114.7751,119.957
Singapur,2903.9873,3381.3085,4256.6324,5709.2986,7272.662,7957.7718,8323.7592,8416.4634
Somalia,5.8354,9.2404,10.9763,13.6774,18.8607,21.5851,25.934,27.5971
Sri Lanka,188.8244,227.7647,262.2176,286.1815,315.0214,325.205,330.9721,332.7563
Sudáfrica,18.3191,24.1299,32.6588,38.3389,42.4106,45.7615,48.1574,49.0517
Sudán,5.9941,8.8404,11.1825,13.9437,17.889,20.2385,23.5625,24.8529
Sudán del Sur,5.3932,6.7641,7.6658,9.8661,15.6749,18.0628,17.1139,17.6091
Suecia,17.8277,18.4585,18.984,19.7005,20.8346,21.8731,23.0271,23.4276
Suiza,149.7245,153.0645,162.5737,173.9671,189.4786,200.6039,209.2484,211.7157
Suriname,2.3191,2.2898,2.5196,2.9239,3.3334,3.5128,3.7057,3.7727
Sáhara Occidental,0.2871,0.439,0.6712,1.0164,1.5537,1.849,2.0904,2.1654
Tailandia,69.7531,89.1366,107.6325,122.9081,133.0498,136.9941,139.2962,139.7276
Taiwán (ProvincIa de China),413.2807,500.1045,568.7888,613.2327,637.7776,649.6321,658.1788,660.1662
"Tanzania, República Unida de",14.4095,20.4189,27.7287,36.4662,47.7316,55.5958,65.2898,69.3034
Tayikistán,20.9156,28.2737,37.8607,43.8365,53.2619,59.5672,66.6891,69.5513
Timor-Leste,37.2476,43.1776,50.9685,59.0534,73.1804,81.0685,87.4005,90.1772
Togo,38.6965,49.9799,68.2565,88.1929,115.7322,131.6057,148.6762,155.8281
Tokelau,142.8333,137.25,139.0833,138.8333,113.9167,121.1667,152.25,155.9167
Tonga,115.7751,129.4618,132.1647,137.3534,143.7523,142.0643,140.9023,143.0495
Trinidad y Tabago,192.7661,219.8542,246.8846,259.6887,274.9115,284.6349,295.9351,298.4491
"Turcas y Caicos, (las) Islas",5.9757,8.0148,12.3513,19.7722,31.3565,38.5422,46.7046,48.2099
Turkmenistán,4.5102,5.8654,7.622,9.3611,10.7928,11.814,12.8057,13.1751
Turquía,45.3582,56.2675,69.3297,81.8232,93.4136,101.6463,107.3756,108.9145
Tuvalu,223.6154,297.3462,353.1538,370.6923,405.7692,418.3462,425.7308,435.0769
Túnez,30.8502,40.2063,51.5862,60.4689,66.5917,70.6423,74.3336,75.5218
Ucrania,78.3415,82.8068,85.4844,80.9938,75.6968,74.5361,72.7584,65.7858
Uganda,42.7125,54.9949,72.8074,99.444,133.8925,155.1536,183.832,195.61
Uruguay,15.4129,16.316,17.2178,18.1857,18.5195,18.7966,18.9417,18.9069
Uzbekistán,26.847,35.644,45.9971,55.712,63.9567,69.1762,74.9366,77.3975
Vanuatu,7.1391,9.6937,12.3785,15.758,20.1373,22.6793,25.571,26.8061
Venezuela (República Bolivariana de),12.3908,16.5972,21.5513,26.6549,31.3331,33.3132,31.088,30.882
Viet Nam,126.5922,159.9226,202.0235,238.5214,263.9126,278.3456,291.8031,296.4472
"Vírgenes Británicas, (las) Islas",63.4503,73.5695,103.4238,133.1391,182.4901,194.4768,204.702,207.3179
"Vírgenes de los Estados Unidos, (las) Islas",182.8415,278.5014,290.1585,311.7723,305.8847,296.2622,289.4582,286.6427
Wallis y Futuna,66.0352,79.6831,94.7465,103.6831,92.5493,85.7887,82.0775,81.493
Yemen,12.9622,17.4347,25.3332,35.2838,46.8664,54.0119,61.1477,63.8232
Yibuti,6.2232,13.9707,24.8781,31.9842,39.6206,43.3732,46.9895,48.3125
Zambia,5.6891,7.6008,10.213,13.1424,18.3256,21.5891,25.1494,26.5976
Zimbabue,13.315,18.0417,25.8828,30.2865,32.8587,36.2244,40.1008,41.7665
